kingdom,phylum,order,family,genus,species,kingdom_id,phylum_id,order_id,family_id,genus_id,species_id,class,class_id,ids
Animalia,Chordata,Clupeiformes,Clupeidae,Clupea,Clupea pallasii,1,44,538,7332,2346676,4284072,NA,NA,Clupea pallasii
Animalia,Chordata,Salmoniformes,Salmonidae,Oncorhynchus,Oncorhynchus nerka,1,44,1313,8615,2351426,5204039,NA,NA,Oncorhynchus nerka
Animalia,Chordata,Pleuronectiformes,Pleuronectidae,Glyptocephalus,Glyptocephalus zachirus,1,44,588,8611,2409281,5214001,NA,NA,Glyptocephalus zachirus
Animalia,Chordata,Pleuronectiformes,Pleuronectidae,Glyptocephalus,Glyptocephalus stelleri,1,44,588,8611,2409281,5213991,NA,NA,Glyptocephalus stelleri
Animalia,Chordata,Salmoniformes,Salmonidae,Oncorhynchus,Oncorhynchus kisutch,1,44,1313,8615,2351426,5204034,NA,NA,Oncorhynchus kisutch
Animalia,Chordata,Clupeiformes,Clupeidae,Clupea,Clupea harengus,1,44,538,7332,2346676,8351946,NA,NA,Clupea harengus
Animalia,Chordata,Perciformes,Stichaeidae,Phytichthys,Phytichthys chirus,1,44,587,8598,2394820,2394821,NA,NA,Phytichthys chirus
Animalia,Chordata,Clupeiformes,Clupeidae,Alosa,Alosa sapidissima,1,44,538,7332,2412615,2412661,NA,NA,Alosa sapidissima
Animalia,Chordata,Scorpaeniformes,Sebastidae,Sebastes,NA,1,44,590,8633,2333712,NA,NA,NA,Sebastes
Animalia,Chordata,Squaliformes,Squalidae,Squalus,Squalus suckleyi,1,44,883,5872,2420869,5216380,Elasmobranchii,121,Squalus suckleyi
Animalia,Chordata,Squaliformes,Squalidae,Squalus,Squalus acanthias,1,44,883,5872,2420869,5216368,Elasmobranchii,121,Squalus acanthias
Animalia,Chordata,Osmeriformes,Osmeridae,Thaleichthys,Thaleichthys pacificus,1,44,1068,8480,2410902,2410903,NA,NA,Thaleichthys pacificus
Animalia,Chordata,Salmoniformes,Salmonidae,Oncorhynchus,Oncorhynchus gorbuscha,1,44,1313,8615,2351426,5204037,NA,NA,Oncorhynchus gorbuscha
Animalia,Chordata,Gadiformes,Merlucciidae,Merluccius,Merluccius productus,1,44,549,3703,2415629,2415676,NA,NA,Merluccius productus
Animalia,Chordata,Gadiformes,Gadidae,Gadus,Gadus chalcogrammus,1,44,549,3701,2335052,2415769,NA,NA,Gadus chalcogrammus
Animalia,Chordata,Pleuronectiformes,Pleuronectidae,Hippoglossoides,Hippoglossoides elassodon,1,44,588,8611,2409098,2409109,NA,NA,Hippoglossoides elassodon
Animalia,Chordata,Scorpaeniformes,Sebastidae,Sebastes,Sebastes mystinus,1,44,590,8633,2333712,2335366,NA,NA,Sebastes mystinus
Animalia,Chordata,Scorpaeniformes,Sebastidae,Sebastes,Sebastes caurinus,1,44,590,8633,2333712,2335455,NA,NA,Sebastes caurinus
Animalia,Chordata,Scorpaeniformes,Sebastidae,Sebastes,Sebastes maliger,1,44,590,8633,2333712,2335438,NA,NA,Sebastes maliger
Animalia,Chordata,Scorpaeniformes,Sebastidae,Sebastes,Sebastes crameri,1,44,590,8633,2333712,2335443,NA,NA,Sebastes crameri
Animalia,Chordata,Pleuronectiformes,Pleuronectidae,Microstomus,Microstomus pacificus,1,44,588,8611,2409352,5214028,NA,NA,Microstomus pacificus
Animalia,Chordata,Scorpaeniformes,Anoplopomatidae,Anoplopoma,Anoplopoma fimbria,1,44,590,5090,2335061,2335062,NA,NA,Anoplopoma fimbria
Animalia,Chordata,Pleuronectiformes,Pleuronectidae,Eopsetta,Eopsetta jordani,1,44,588,8611,2409233,2409237,NA,NA,Eopsetta jordani
Animalia,Chordata,Scorpaeniformes,Hexagrammidae,Hexagrammos,Hexagrammos decagrammus,1,44,590,8626,2336463,2336472,NA,NA,Hexagrammos decagrammus
Animalia,Chordata,Perciformes,Stichaeidae,Leptoclinus,Leptoclinus maculatus,1,44,587,8598,2394831,2394832,NA,NA,Leptoclinus maculatus
Animalia,Chordata,Salmoniformes,Salmonidae,Oncorhynchus,Oncorhynchus keta,1,44,1313,8615,2351426,5204014,NA,NA,Oncorhynchus keta
Animalia,Chordata,Pleuronectiformes,Pleuronectidae,Atheresthes,Atheresthes evermanni,1,44,588,8611,2409090,2409095,NA,NA,Atheresthes evermanni
Animalia,Chordata,Rajiformes,Rajidae,Beringraja,Beringraja binoculata,1,44,884,5877,7554168,7913005,Elasmobranchii,121,Raja binoculata
