kingdom,phylum,order,family,genus,species,kingdom_id,phylum_id,order_id,family_id,genus_id,species_id,ids
Animalia,Chordata,Clupeiformes,Clupeidae,Clupea,Clupea pallasii,1,44,538,7332,2346676,4284072,Clupea pallasii
Animalia,Chordata,Gadiformes,Gadidae,Gadus,Gadus chalcogrammus,1,44,549,3701,2335052,2415769,Gadus chalcogrammus
Animalia,Chordata,Salmoniformes,Salmonidae,Oncorhynchus,Oncorhynchus keta,1,44,1313,8615,2351426,5204014,Oncorhynchus keta
Animalia,Chordata,Salmoniformes,Salmonidae,Oncorhynchus,Oncorhynchus tshawytscha,1,44,1313,8615,2351426,5204024,Oncorhynchus tshawytscha
Animalia,Chordata,Osmeriformes,Osmeridae,Thaleichthys,Thaleichthys pacificus,1,44,1068,8480,2410902,2410903,Thaleichthys pacificus
Animalia,Chordata,Pleuronectiformes,Pleuronectidae,Glyptocephalus,Glyptocephalus zachirus,1,44,588,8611,2409281,5214001,Glyptocephalus zachirus
Animalia,Chordata,Pleuronectiformes,Pleuronectidae,Glyptocephalus,Glyptocephalus stelleri,1,44,588,8611,2409281,5213991,Glyptocephalus stelleri
Animalia,Chordata,Scorpaeniformes,Sebastidae,Sebastes,Sebastes mystinus,1,44,590,8633,2333712,2335366,Sebastes mystinus
Animalia,Chordata,Scorpaeniformes,Sebastidae,Sebastes,Sebastes crameri,1,44,590,8633,2333712,2335443,Sebastes crameri
Animalia,Chordata,Clupeiformes,Clupeidae,Clupea,Clupea harengus,1,44,538,7332,2346676,8351946,Clupea harengus
Animalia,Chordata,Clupeiformes,Clupeidae,Alosa,Alosa sapidissima,1,44,538,7332,2412615,2412661,Alosa sapidissima
Animalia,Chordata,Scorpaeniformes,Sebastidae,Sebastes,Sebastes caurinus,1,44,590,8633,2333712,2335455,Sebastes caurinus
Animalia,Chordata,Scorpaeniformes,Sebastidae,Sebastes,Sebastes maliger,1,44,590,8633,2333712,2335438,Sebastes maliger
Animalia,Chordata,Scorpaeniformes,Sebastidae,Sebastes,Sebastes entomelas,1,44,590,8633,2333712,2335516,Sebastes entomelas
Animalia,Chordata,Gadiformes,Merlucciidae,Merluccius,Merluccius productus,1,44,549,3703,2415629,2415676,Merluccius productus
Animalia,Chordata,Pleuronectiformes,Paralichthyidae,Citharichthys,Citharichthys stigmaeus,1,44,588,5082,2408301,2408737,Citharichthys stigmaeus
Animalia,Chordata,Gadiformes,Gadidae,Gadus,Gadus morhua,1,44,549,3701,2335052,8084280,Gadus morhua
Animalia,Chordata,Perciformes,Stichaeidae,Xiphister,Xiphister mucosus,1,44,587,8598,2394808,2394809,Xiphister mucosus
Animalia,Chordata,Perciformes,Stichaeidae,Xiphister,Xiphister atropurpureus,1,44,587,8598,2394808,2394813,Xiphister atropurpureus
Animalia,Chordata,Salmoniformes,Salmonidae,Oncorhynchus,Oncorhynchus nerka,1,44,1313,8615,2351426,5204039,Oncorhynchus nerka
Animalia,Chordata,Perciformes,Cryptacanthodidae,Cryptacanthodes,Cryptacanthodes giganteus,1,44,587,4264,2387403,2387407,Cryptacanthodes giganteus
Animalia,Chordata,Perciformes,Pholidae,Pholis,Pholis laeta,1,44,587,8576,2390397,5210424,Pholis laeta
Animalia,Chordata,Salmoniformes,Salmonidae,Oncorhynchus,Oncorhynchus kisutch,1,44,1313,8615,2351426,5204034,Oncorhynchus kisutch
Animalia,Chordata,Scorpaeniformes,Sebastidae,Sebastes,NA,1,44,590,8633,2333712,NA,Sebastes
Animalia,Chordata,Scorpaeniformes,Anoplopomatidae,Anoplopoma,Anoplopoma fimbria,1,44,590,5090,2335061,2335062,Anoplopoma fimbria
Animalia,Chordata,Salmoniformes,Salmonidae,Oncorhynchus,Oncorhynchus gorbuscha,1,44,1313,8615,2351426,5204037,Oncorhynchus gorbuscha
